Temp,cap,iziritsu,density,Pd80_04,Pd80_05
1025.9163,-153.94695,0.1740461,7.6405554,0.65596056,1.957037
